{"maximum_likelihood": -21362236.06443873, "optimal_iteration": 48, "likelihood_in_iters": {"0": -26605486.050829288, "1": -26021133.30269451, "2": -25512627.05953777, "3": -25054192.825178254, "4": -24653252.118869226, "5": -24282880.792225443, "6": -23922280.60418363, "7": -23566098.55056758, "8": -23230788.7504301, "9": -22939793.51840532, "10": -22700423.080307074, "11": -22506323.82716665, "12": -22344226.09094803, "13": -22210037.5577911, "14": -22109440.306316763, "15": -22009158.103909265, "16": -21937072.37385458, "17": -21871875.04579499, "18": -21816527.81306167, "19": -21766367.675855335, "20": -21727096.382876907, "21": -21689855.44055015, "22": -21659880.92888036, "23": -21632237.258086935, "24": -21608729.061915763, "25": -21583535.74146935, "26": -21567798.42738781, "27": -21551977.358371988, "28": -21539131.44359752, "29": -21521217.056300286, "30": -21505695.61011269, "31": -21495106.88246481, "32": -21483670.77151618, "33": -21477538.404450115, "34": -21467302.758477073, "35": -21457941.759677246, "36": -21442823.194347307, "37": -21439658.412400242, "38": -21430588.347905096, "39": -21425830.68180404, "40": -21420506.29972419, "41": -21405126.391555127, "42": -21399272.504481822, "43": -21389564.82980577, "44": -21388616.150837276, "45": -21384125.290692303, "46": -21373779.689779606, "47": -21368987.36117977, "48": -21362236.06443873, "49": -21370298.78412519}}